Client_No,Monthly_Income,Years_Worked,Obligations,Got_Approval
1,969.9611894,8.754712913,YES,NO
2,955.0624967,6.405081776,NO,NO
3,1157.539444,1.436115743,YES,NO
5,1330.89207,7.477707049,YES,YES
7,1557.596072,14.44290641,NO,YES
8,1194.542897,5.250330808,YES,YES
9,1125.574621,8.585426574,NO,NO
11,1583.271164,7.926726581,NO,YES
13,1221.316231,5.240005597,NO,YES
14,1120.188465,6.875303871,NO,NO
15,1753.577159,11.20461699,NO,YES
16,948.1651028,12.11468708,NO,NO
17,1176.765582,14.58728772,YES,NO
18,500,1.437318465,NO,NO
19,1466.365208,6.383094701,NO,YES
20,987.7525661,9.458124516,YES,NO
21,1727.097882,11.84485813,YES,YES
23,1119.933376,3.687396343,YES,NO
24,1477.926489,14.61615791,YES,YES
26,2004.597021,5.528614522,NO,YES
27,1266.757344,12.50236035,NO,YES
28,987.9982765,5.2093654,YES,NO
30,1310.867033,6.619648606,NO,YES
31,925.8706952,10.34995735,NO,NO
34,1250.433542,5.156065831,YES,NO
35,1209.432063,10.00520204,YES,YES
36,896.9008382,11.91082923,YES,NO
39,1308.513328,13.48968068,YES,YES
41,957.4630968,3.798863712,YES,NO
42,594.1854917,8.363042048,NO,NO
44,1314.865968,1.739729158,NO,YES
45,1719.2591,2.068320193,YES,YES
46,1139.075415,11.53589167,NO,YES
47,901.0807957,2.493861182,YES,NO
50,1030.491382,7.165877599,NO,NO
51,1725.617351,3.339634067,NO,YES
52,1035.668595,9.864152925,NO,YES
54,1214.78836,12.85952582,YES,YES
55,1139.986655,8.307053764,YES,NO
56,868.8136653,12.40077441,YES,NO
57,1272.176411,4.175539788,YES,NO
58,1314.334085,6.723019014,YES,NO
61,1284.366668,5.072459052,YES,NO
62,839.1874121,4.384621011,NO,NO
63,1339.549107,7.381497945,YES,YES
64,1305.604916,12.4223297,YES,YES
66,943.9200123,14.37047685,NO,NO
68,1661.801571,5.534721502,NO,YES
69,1363.823305,10.80695374,YES,YES
70,1669.488555,1.069298767,NO,YES
72,611.274411,3.592146163,NO,NO
73,957.2819331,2.637088094,YES,NO
74,1050.394474,14.72183087,YES,NO
75,1291.536531,12.0519599,NO,YES
76,1113.237827,10.3493518,NO,NO
77,1637.31426,6.712571965,YES,YES
78,1462.126645,1.275153189,NO,YES
79,914.1131875,6.342746772,YES,NO
80,1190.497357,13.7435273,NO,YES
85,853.2340665,11.61345426,YES,NO
86,1264.812556,4.782675435,YES,NO
87,1441.343457,12.61943357,NO,YES
88,980.3652812,11.70918786,NO,NO
89,714.5705642,5.929093888,NO,NO
90,1451.720781,3.463594349,YES,YES
91,1094.568616,8.326143863,NO,YES
93,917.9124441,5.822335187,YES,NO
94,1419.049713,8.93112452,NO,YES
95,1068.638856,8.2453975,NO,YES
97,998.3787191,8.753349739,YES,NO
100,1336.203479,14.93900365,NO,YES
101,1476.384169,7.043515628,NO,YES
102,1105.675282,3.641976252,NO,NO
103,1398.694464,10.85408631,YES,YES
105,1387.799699,8.925146651,YES,YES
106,968.6566521,13.83870722,NO,NO
107,1220.08299,4.20938035,NO,YES
109,936.4846703,6.180854442,YES,NO
110,1300.478871,11.93626673,YES,NO
113,1366.311642,10.74756342,NO,YES
114,1177.241739,5.080062613,YES,NO
115,1473.752651,2.04632321,YES,YES
116,629.1254758,14.84079228,YES,NO
117,839.9778587,14.108527,YES,NO
118,1046.593448,10.53988783,YES,NO
119,1371.665527,2.386380163,YES,YES
120,1254.207225,14.40859397,YES,NO
122,1126.451783,12.61980853,NO,NO
124,1569.485852,7.47666341,NO,YES
125,1114.195163,8.653338141,YES,NO
126,989.2893293,13.87746212,NO,NO
129,1293.043463,5.854213143,YES,NO
130,1587.244705,2.811933173,NO,YES
131,1385.995154,3.839611226,NO,YES
132,598.9139941,13.61170805,YES,NO
133,1500.651819,1.507225238,NO,YES
135,648.459187,6.884452134,NO,NO
138,1288.709986,6.491872348,NO,YES
139,1173.522996,14.04690886,YES,NO
141,1546.709679,14.1490252,YES,YES
142,1455.70327,9.284484916,NO,YES
144,1016.084708,9.230752771,NO,NO
145,734.2292716,10.24060063,NO,NO
147,1274.75669,10.88351008,NO,YES
148,1032.183745,8.436976184,YES,NO
149,1358.258016,4.62534007,YES,YES
150,736.8138784,13.46279548,YES,NO
151,1011.809762,6.635164642,YES,NO
152,936.1165281,14.29697546,YES,NO
155,1333.676745,4.494855712,NO,YES
156,1496.567109,12.74342065,YES,YES
159,1111.05703,5.466313321,YES,NO
160,1112.164194,14.04510083,YES,NO
161,1533.690177,7.280810042,NO,YES
162,994.1660806,11.03962282,YES,NO
164,1241.055474,8.182456525,YES,YES
166,1349.865625,4.566292865,YES,NO
167,1175.949869,1.246844853,YES,NO
170,1074.692088,7.318958667,YES,NO
171,772.1146951,10.89694239,YES,NO
174,661.3571236,13.85663679,YES,NO
176,1240.75011,7.116982969,YES,YES
177,1130.22427,7.496024554,NO,NO
178,1071.522943,14.36216999,YES,NO
180,500,7.995781763,YES,NO
181,786.3891289,2.500785872,YES,NO
182,1333.347409,13.46949549,NO,YES
183,1176.811094,5.503803406,YES,NO
184,1463.630172,12.08952588,YES,YES
186,1589.493161,4.313826696,NO,YES
188,1026.80631,9.424393608,NO,NO
189,1332.791906,13.9365679,NO,YES
192,1627.682354,3.049901809,NO,YES
195,1383.200324,4.861711311,YES,YES
196,1273.863062,1.875988,YES,NO
198,1259.438243,14.31536844,NO,YES
201,1804.470901,10.20884187,NO,YES
203,888.0463081,2.559360242,NO,NO
204,1147.804927,14.18477801,NO,NO
205,984.483299,7.427964589,YES,NO
207,1193.860344,11.93714526,YES,YES
208,1126.382769,11.73294279,YES,NO
209,722.3664432,12.99329364,NO,NO
210,1433.495334,1.727511247,NO,YES
212,1043.660996,4.567689717,NO,NO
217,1022.37969,4.62509312,YES,NO
219,1419.540605,3.932517221,NO,YES
222,1291.397364,3.430698945,YES,NO
223,1131.399045,11.05258294,YES,NO
224,1660.329772,3.987248905,YES,YES
225,1111.085509,1.62017903,YES,NO
226,1104.395135,8.478532464,YES,NO
227,1075.569041,13.23953457,NO,NO
229,902.5795259,2.113336338,NO,NO
231,1520.739052,8.690092466,YES,YES
232,537.0278761,11.63688313,NO,NO
233,1414.956785,3.36570694,YES,YES
235,1641.824702,6.583685067,NO,YES
237,1002.374355,9.473396175,YES,NO
239,500,10.8178589,YES,NO
240,1107.366047,4.117086386,YES,NO
241,1410.857724,9.836111461,YES,YES
242,1060.954134,8.529367392,YES,NO
243,873.6963339,12.66576137,YES,NO
247,894.2116935,2.864849224,YES,NO
248,518.6966201,2.058260297,YES,NO
250,1077.866801,10.14780843,YES,NO
252,1297.013776,5.688013083,YES,YES
254,1609.565843,2.711650305,YES,YES
255,832.3192372,2.162488007,YES,NO
256,1107.436773,9.348079499,YES,NO
257,1234.190088,1.312196122,YES,NO
258,1615.987875,10.40981673,YES,YES
259,1179.238799,1.397500825,NO,NO
261,722.9923776,13.42083224,NO,NO
263,1126.06492,1.579408979,YES,NO
264,1541.294578,1.029439512,YES,YES
266,1079.33425,14.14129512,NO,NO
267,683.0700535,11.2629035,YES,NO
268,936.750953,8.676571942,YES,NO
269,1190.527955,10.31271908,NO,YES
270,1067.270785,2.130087164,NO,NO
271,1549.609037,8.40340387,NO,YES
275,1524.686952,10.87828413,NO,YES
277,887.7738483,14.09298416,YES,NO
279,1172.698213,1.921039186,NO,NO
280,500,1.819135653,NO,NO
281,1233.268492,2.415710471,YES,NO
283,1407.57558,7.195165226,NO,YES
285,1338.49528,11.71774042,YES,YES
287,1505.992285,7.568968206,NO,YES
288,1274.953253,3.733918447,YES,NO
290,1531.720967,7.020731313,YES,YES
293,1753.816732,7.691958836,NO,YES
295,831.033723,10.25231111,YES,NO
297,1642.603797,3.777947191,YES,YES
298,1101.369304,5.840605913,YES,NO
300,835.8010722,4.626553082,NO,NO
301,1437.01369,1.156858681,NO,YES
302,1226.138239,7.310887428,YES,NO
303,1762.833637,12.72974916,NO,YES
304,1020.362851,1.020767866,YES,NO
305,648.3257533,13.38490746,YES,NO
306,980.2481554,1.400313764,YES,NO
307,1747.566639,13.86244895,YES,YES
309,598.6979565,7.688435503,YES,NO
310,1085.778656,2.043582572,YES,NO
311,1669.555232,3.799822617,YES,YES
312,647.9167412,2.014447839,YES,NO
314,1002.124101,3.800841955,YES,NO
315,1629.810933,13.65707977,NO,YES
316,1001.831804,4.438679383,YES,NO
317,1576.982142,5.448481246,NO,YES
318,1432.725442,13.95288647,YES,YES
319,1409.277843,7.466245685,YES,YES
321,1225.740411,13.94960517,YES,NO
324,1235.175527,10.77356466,YES,YES
326,1517.862762,2.90956667,NO,YES
328,860.7468366,14.72870366,YES,NO
329,1329.964069,12.54293578,YES,YES
330,1379.216186,2.20185675,NO,YES
332,1187.604182,8.205392327,YES,NO
333,1273.741269,3.084345526,YES,NO
334,1099.656237,13.30487822,NO,NO
336,1027.871914,12.39514953,NO,YES
337,1299.216195,11.97456794,YES,NO
339,1419.997352,13.03706961,NO,YES
340,1940.456157,8.140682384,NO,YES
341,1134.620554,10.31901152,YES,NO
346,1436.720835,10.10340791,YES,YES
347,1335.324913,9.418582882,NO,YES
348,1248.013681,10.06228592,NO,YES
349,857.9900859,3.844977808,NO,NO
351,1624.667492,8.69285271,NO,YES
352,962.5835645,6.616694443,NO,NO
353,1474.884444,5.575158823,NO,YES
354,982.6272685,14.76728464,NO,NO
355,1020.185572,6.961700071,YES,NO
358,984.4367575,3.363050055,YES,NO
359,1133.852328,1.148056362,NO,NO
360,1472.669444,4.008370076,YES,YES
362,1331.774591,8.545433123,NO,YES
365,849.7185886,8.445898336,YES,NO
367,1168.518635,1.783119038,YES,NO
368,1324.210582,14.7062908,YES,NO
369,1077.017546,10.94528894,NO,NO
370,1193.209825,3.599410152,YES,YES
375,967.0069608,12.03753567,NO,NO
376,2019.547805,11.85431603,NO,YES
377,1092.705737,7.847136924,NO,NO
381,1230.677379,5.413147005,YES,NO
382,1214.128978,4.947119087,NO,YES
386,1337.954136,3.557006179,YES,YES
387,1104.928297,5.975918762,YES,NO
388,1515.477816,8.542889575,YES,YES
389,679.6410199,1.546088647,NO,NO
390,1721.154128,7.800633038,YES,YES
392,927.1048918,5.676772083,NO,NO
395,1465.431332,14.40890288,YES,YES
397,962.1885051,12.14844104,NO,NO
398,1126.851912,13.25960738,NO,NO
399,1102.873419,9.973764652,NO,YES
400,1694.547188,9.007070105,YES,YES
401,772.6590193,1.261396355,YES,NO
402,891.1192066,12.80439561,YES,NO
403,1420.207631,10.14121817,NO,YES
404,1303.884546,8.214179805,YES,YES
406,749.9597878,4.577267918,YES,NO
407,1080.208426,8.448606759,NO,NO
408,1310.490501,7.82255227,NO,YES
409,613.5931199,3.82145537,YES,NO
411,907.0240286,6.568654738,NO,NO
412,1346.940007,3.55106,NO,YES
415,1231.03601,10.11443144,NO,YES
416,964.7363026,1.948267509,YES,NO
417,1407.044991,9.344670788,YES,YES
420,1629.99602,5.405589167,YES,YES
421,1824.000587,4.193547093,YES,YES
422,1204.194563,9.340137886,NO,YES
423,1114.294983,11.93446653,YES,NO
424,1148.31321,8.252737418,NO,NO
427,796.176811,11.3906447,YES,NO
428,1355.929646,3.595291803,NO,YES
430,1128.650069,12.77256247,NO,YES
432,1068.368541,2.029142103,YES,NO
434,1269.416319,11.79991838,NO,YES
435,1286.743917,12.43163232,NO,YES
437,1399.824012,7.076265352,YES,YES
438,1048.640017,8.621289863,YES,NO
439,1767.245593,4.507920866,YES,YES
440,986.4805592,4.960686484,NO,NO
442,1183.852843,9.761850574,NO,YES
444,1176.407431,7.83951435,YES,NO
445,1325.584065,1.719598706,YES,NO
446,953.3411492,3.762484434,YES,NO
447,1291.700349,3.534622248,YES,YES
448,1926.176423,14.92121336,YES,YES
449,1533.322858,9.387745788,NO,YES
450,892.1612244,2.378146585,NO,NO
452,961.6487494,5.799509397,YES,NO
453,1117.227877,13.05811632,YES,NO
454,1153.861762,2.69509592,YES,NO
455,1498.180859,2.158406251,NO,YES
458,1036.294781,5.969267405,YES,NO
461,701.560537,8.480936613,YES,NO
463,1181.923612,14.47012047,NO,YES
464,1424.13885,6.280213299,YES,YES
465,1421.473016,13.15696353,NO,YES
466,891.0290897,8.238382217,NO,NO
467,1422.883514,7.634872565,YES,YES
468,1318.6705,9.34708658,YES,YES
469,1053.135154,12.09959814,YES,NO
470,1274.700266,4.468984082,YES,NO
471,874.4446994,12.96409644,NO,NO
472,1145.942025,1.466114966,YES,NO
473,1116.182984,9.962090689,YES,NO
475,1320.153841,11.44133751,NO,YES
476,500,11.83017441,YES,NO
478,1119.744066,4.080824689,NO,NO
479,1370.098609,11.1403484,NO,YES
480,1199.199287,8.05230138,NO,YES
482,1564.668044,9.638737593,YES,YES
483,1352.39534,13.17093401,YES,YES
484,1124.499284,9.357348437,NO,YES
485,1303.117896,12.7975972,YES,YES
489,1256.686718,6.509891104,NO,YES
490,1049.325848,12.45190006,NO,NO
491,1287.680603,12.52662863,NO,YES
492,1037.254521,5.880027172,NO,NO
493,1359.694841,2.250255787,YES,YES
496,1522.14142,5.852132776,YES,YES
497,1860.052744,8.321812367,YES,YES
499,1576.414256,12.15291804,NO,YES
501,914.1201934,8.863056325,NO,NO
504,1353.48414,5.54309971,NO,YES
506,1097.267098,11.73985642,NO,YES
507,1383.570681,6.283520053,NO,YES
508,1337.675122,4.87153096,NO,YES
511,1164.526817,8.616055013,NO,YES
512,1103.565001,4.94699837,NO,NO
513,1484.668775,4.366283746,NO,YES
514,1517.743705,8.119985699,NO,YES
517,1328.660495,1.401047826,YES,NO
519,1447.237511,7.268230667,YES,YES
520,1438.645301,13.44672884,NO,YES
521,1725.061745,9.238241749,YES,YES
523,1217.695486,8.974039401,YES,YES
529,796.4671487,14.97443371,YES,NO
531,1879.096355,9.61141981,NO,YES
532,1041.665456,13.60898285,YES,NO
536,1119.29026,13.07770066,YES,NO
538,1464.218712,9.200731024,YES,YES
539,1288.467863,14.1413256,YES,YES
540,959.4844718,13.97084698,YES,NO
541,500,5.550441457,NO,NO
542,1354.186467,13.0216467,YES,YES
544,929.359615,13.78700564,YES,NO
545,1112.153616,5.21396255,NO,YES
546,1523.4,10.7167204,YES,YES
547,983.4486041,12.07706941,YES,NO
548,1233.435746,11.98140805,YES,YES
549,898.7932691,6.392534433,NO,NO
550,944.8037853,9.958007524,YES,NO
553,512.1946756,2.305486592,NO,NO
554,1643.140387,1.668452571,NO,YES
555,1245.154082,8.083393931,NO,YES
556,1180.370415,14.12471988,NO,NO
557,1262.038482,1.068712817,NO,YES
558,1425.759561,7.493065951,YES,YES
559,995.8424468,14.89166262,NO,NO
560,1166.92832,8.939827622,YES,NO
561,1155.272395,3.840105868,NO,NO
562,1221.456443,7.991145847,NO,YES
563,659.4629359,10.03446655,NO,NO
565,1273.107446,11.85910989,YES,NO
566,1129.897937,13.38495953,NO,NO
570,1259.380492,12.97305279,YES,NO
572,1089.840394,11.1424888,NO,NO
573,1405.461646,5.17022373,NO,YES
575,1256.588828,9.255359231,NO,YES
577,1401.048135,7.816201854,YES,YES
578,1104.959006,5.852026398,NO,NO
579,1364.729793,8.015100932,NO,YES
580,1370.204321,2.108919981,NO,YES
582,1309.450189,7.09335338,NO,YES
583,828.033914,8.238218043,YES,NO
586,965.0716811,5.836424842,YES,NO
588,1666.025033,1.502750703,NO,YES
589,1188.838949,5.711055087,YES,NO
591,695.1701829,13.19338808,YES,NO
592,1648.076085,3.93931036,YES,YES
593,1340.526876,3.735999762,NO,YES
594,949.6739172,8.725964282,YES,NO
596,1286.235844,11.0141831,NO,YES
597,1039.199417,8.036403961,YES,NO
598,1955.48715,3.709763468,YES,YES
599,762.8972622,3.822516568,YES,NO
600,774.1567011,5.237043148,NO,NO
601,919.6521544,4.840496609,NO,NO
603,1297.914251,7.512431032,NO,YES
604,1003.698646,14.48144757,YES,NO
605,1317.421671,9.624922132,NO,YES
606,987.0276073,8.815578058,NO,NO
607,1260.687437,8.811286473,YES,YES
608,1388.941598,3.631418089,NO,YES
610,637.9088641,11.52641406,NO,NO
611,1551.45916,5.716635748,NO,YES
612,1435.649653,14.90721534,YES,YES
613,1355.928502,6.868899261,YES,NO
614,1211.190054,11.66541964,YES,NO
615,614.7404976,5.112405268,YES,NO
616,1336.52525,6.073174905,NO,YES
619,1274.862028,12.81367359,YES,YES
620,1016.985819,2.603029916,YES,NO
621,1049.424442,9.832884556,YES,NO
622,1183.159171,6.863288256,YES,NO
623,1729.462886,14.92778254,YES,YES
625,1020.350837,11.292432,YES,NO
626,1101.975734,5.604062739,YES,NO
627,1422.947502,13.73081338,YES,YES
628,1469.868815,3.39674649,NO,YES
629,1463.171932,8.997931885,NO,YES
630,1074.18949,2.0428839,NO,NO
631,1382.614416,12.58121023,NO,YES
633,1472.120076,4.155207158,YES,YES
635,1316.434984,4.711235721,NO,YES
637,948.4473658,4.226676613,YES,NO
638,1490.403339,10.41985905,NO,YES
639,1117.188783,11.36446422,NO,NO
640,868.5015404,10.21809405,YES,NO
641,1422.220529,6.533455605,YES,YES
642,1260.557587,1.583997334,YES,NO
645,987.9006138,13.01392725,YES,NO
646,1784.238893,5.52334966,YES,YES
647,823.6433411,4.412741479,YES,NO
648,894.5412836,11.91759395,YES,NO
650,988.3596599,12.36979302,YES,NO
651,765.330879,2.986255795,NO,NO
653,1377.732509,14.52706249,YES,YES
655,1028.12194,1.257144437,YES,NO
656,1201.502683,8.985038703,NO,YES
658,1177.881422,5.82155434,YES,NO
660,500,11.24881505,NO,NO
661,1278.806406,6.011395668,NO,YES
663,1460.597253,6.819548191,NO,YES
664,570.2720395,11.46765847,NO,NO
665,1738.20181,13.02396438,YES,YES
666,836.5276293,10.33931737,NO,NO
668,525.7974187,13.03847844,NO,NO
669,1326.939925,4.638616193,YES,NO
670,1315.663346,12.55706045,NO,YES
671,1434.057172,13.79692515,NO,YES
672,1206.338078,7.728640233,YES,YES
673,1434.605122,8.499255314,YES,YES
675,884.2755217,13.88397193,YES,NO
677,725.893137,12.52788861,YES,NO
678,1620.226506,5.399687234,NO,YES
680,1313.659394,2.524816962,NO,YES
682,1663.802761,8.123231008,NO,YES
684,930.1687919,11.46061562,YES,NO
687,862.079068,10.64155829,YES,NO
688,1006.011638,3.684981868,YES,NO
689,1197.499054,6.378355787,YES,YES
690,927.4695885,12.82982487,YES,NO
691,1302.051074,11.19149978,YES,YES
694,1318.264097,9.090648942,NO,YES
696,1787.968229,8.753935781,NO,YES
698,1371.498286,8.118168123,YES,YES
700,1317.270181,13.151305,YES,YES
704,1204.477575,13.27131728,YES,NO
705,1508.62485,2.920221849,YES,YES
706,862.3454512,5.621477526,NO,NO
707,1695.306193,14.12534522,YES,YES
709,1541.484352,5.632604478,YES,YES
710,891.4232985,14.31560535,YES,NO
712,841.6105919,9.955284267,YES,NO
713,1133.431622,4.52871915,NO,NO
714,1108.975324,1.351798799,YES,NO
716,953.8007638,4.939582577,YES,NO
717,1503.777946,1.933893292,YES,YES
718,906.6960878,8.981938587,YES,NO
721,1761.11597,7.309841523,NO,YES
723,1081.995739,6.009102134,YES,NO
725,1122.902519,11.35639257,YES,NO
726,1394.73268,12.26601907,NO,YES
729,1462.272567,9.442204657,NO,YES
731,1129.849952,2.621548073,YES,NO
733,1196.069196,7.21777297,NO,YES
736,1373.185607,2.339741577,YES,NO
737,1336.485597,8.521007383,YES,YES
740,803.113389,1.360882929,NO,NO
741,774.0058598,8.1312532,YES,NO
742,1278.315809,7.370208239,YES,YES
743,826.3751237,11.13944196,NO,NO
745,1085.872088,7.841658547,YES,NO
749,702.2779378,2.690437722,YES,NO
750,1956.568534,12.40796007,NO,YES
753,1203.891627,9.627717958,NO,YES
754,1045.393971,4.271136144,NO,NO
755,884.2029188,2.339498193,YES,NO
756,1473.84818,6.032235207,NO,YES
759,1162.470048,12.83657324,YES,NO
760,1546.154489,13.9035988,YES,YES
761,1142.841246,6.562242474,NO,NO
763,1406.156618,14.89057594,NO,YES
764,1224.84943,11.45859693,YES,NO
765,1428.367887,8.237702666,NO,YES
767,1310.722011,8.29300811,YES,YES
770,947.8692801,7.210436936,YES,NO
772,1060.354135,5.82073733,NO,NO
775,729.2036291,7.362154253,YES,NO
776,774.4920215,6.177532785,YES,NO
777,1557.255138,10.30450631,NO,YES
778,968.2151372,8.794645115,NO,NO
779,1131.837573,9.69486965,NO,YES
780,1745.184903,4.489730578,YES,YES
782,1237.320336,3.408877254,NO,YES
783,1404.054954,13.43749337,YES,YES
784,1218.972951,9.395363058,NO,YES
785,1167.602133,2.164858432,NO,NO
786,1438.851322,1.792144403,YES,YES
787,1258.861795,12.04739609,YES,YES
791,719.3924824,14.91157919,NO,NO
792,1427.649518,12.91414347,NO,YES
794,1491.857795,12.55109074,NO,YES
798,1141.26219,8.410525752,NO,NO
802,1614.913882,12.02404587,NO,YES
805,804.6543506,3.631975541,NO,NO
806,1591.681459,14.81604825,NO,YES
807,1333.971996,1.251575113,NO,YES
808,1522.135825,8.961620006,NO,YES
810,1575.825921,13.88954075,NO,YES
811,1066.499582,13.56149003,NO,NO
814,1822.360928,2.825561652,NO,YES
815,1400.42021,4.074431403,YES,YES
818,1636.079203,9.675452337,YES,YES
821,855.420298,8.797921994,NO,NO
823,500,8.745829566,NO,NO
826,1098.908481,8.660780751,NO,NO
829,875.0543263,1.026791155,YES,NO
830,1264.721307,1.143796317,YES,NO
831,1328.800485,8.035495297,NO,YES
832,1162.765479,10.18675186,NO,NO
833,1461.010387,4.383349971,YES,YES
834,1429.015258,14.86245142,YES,YES
836,817.9970608,3.878859099,NO,NO
837,1251.592298,14.21419806,YES,YES
838,1088.296946,13.94736866,YES,NO
839,1147.301834,2.963698765,YES,NO
840,709.6396834,5.231819329,NO,NO
843,1358.078752,12.90603136,NO,YES
844,2008.820525,11.79870455,YES,YES
845,1299.156998,2.369114814,NO,YES
846,1047.331483,2.287405273,NO,NO
849,1445.675155,11.96740804,NO,YES
850,1176.323195,13.5010216,NO,YES
851,1477.977132,9.369920327,YES,YES
853,874.0316993,9.542315551,NO,NO
855,1552.819292,13.2309487,NO,YES
856,1801.337448,8.627500949,NO,YES
857,1461.530591,1.741742494,YES,YES
859,1606.681613,2.897712543,NO,YES
862,1228.600668,1.417791706,NO,NO
865,1200.338439,7.600109143,YES,YES
866,1376.965022,2.251304823,YES,YES
867,1672.662586,8.521674994,NO,YES
869,1438.475852,4.50751117,NO,YES
870,1348.297806,7.539256844,NO,YES
871,704.8461663,11.33717758,YES,NO
872,1044.733112,9.799345659,YES,NO
874,1444.914294,5.640514193,YES,YES
875,1061.197006,2.852751981,YES,NO
878,1359.153899,14.43777082,NO,YES
879,1355.650829,7.459685675,NO,YES
880,1258.680725,12.37617421,YES,YES
882,1177.934619,8.046034632,YES,NO
883,855.5299876,5.83217278,YES,NO
885,1185.852291,13.32248564,NO,YES
886,1090.117302,11.74477904,YES,NO
887,677.2194599,9.79984625,YES,NO
889,1178.317506,2.9077002,NO,NO
890,1137.831338,9.359697313,YES,NO
891,761.5066734,9.794895288,YES,NO
893,1050.167723,12.62183826,NO,NO
894,1307.579308,9.260459426,NO,YES
896,1455.238106,8.2199065,YES,YES
897,1426.79267,8.627106958,YES,YES
899,900.857091,4.943230209,YES,NO
900,909.4663635,14.31599806,YES,NO
902,1209.212147,5.36186539,YES,NO
904,1021.559832,9.862353871,YES,NO
906,940.7904274,7.588380323,YES,NO
910,1078.715145,10.60998858,YES,NO
911,673.9323496,7.231888884,YES,NO
914,875.2723741,11.63702989,NO,NO
916,1613.237591,6.410759355,NO,YES
917,1172.755519,10.61427277,YES,NO
918,790.7195226,14.39287966,YES,NO
919,793.7108,6.231815576,NO,NO
920,996.525852,7.865173585,YES,NO
921,1013.013245,6.951363041,YES,NO
922,1306.337265,13.34090877,NO,YES
923,812.1788451,4.756989976,YES,NO
924,839.0079332,10.09175157,YES,NO
925,814.035532,10.90678459,NO,NO
928,1117.830492,13.27864373,NO,YES
930,1018.10665,1.982942263,NO,NO
931,1723.199285,7.671706712,NO,YES
932,895.1221665,3.303143423,NO,NO
933,1617.532845,3.123314234,NO,YES
934,862.8852323,12.29432322,YES,NO
935,1509.468791,5.463857503,NO,YES
937,1317.30565,11.08087033,YES,YES
940,1108.742828,3.583374612,YES,NO
941,800.782481,12.89027398,NO,NO
942,1040.671809,2.461715141,NO,NO
943,758.6918271,4.522662088,YES,NO
944,1202.16006,3.784331028,YES,NO
945,1018.870671,9.326832429,NO,NO
946,1288.18986,12.55406402,YES,YES
949,971.3244159,14.96832439,YES,NO
950,863.1270999,14.14825034,NO,NO
952,1303.602018,4.858960165,NO,YES
954,1157.170177,5.681570387,YES,NO
955,1353.042555,10.48295291,NO,YES
956,1686.280077,12.74905909,YES,YES
957,884.3815074,14.13472067,NO,NO
958,1068.637825,4.893408178,YES,NO
959,1127.322107,13.9065293,NO,NO
960,1407.945634,14.98824116,NO,YES
961,1527.10518,2.999204238,YES,YES
964,819.5489625,12.58320656,NO,NO
965,1074.0789,8.207994121,YES,NO
967,1131.264416,2.107163471,YES,NO
972,1244.394721,13.65784459,NO,YES
973,984.8728478,9.061909119,YES,NO
976,1121.233417,9.248549873,YES,NO
977,1484.212651,11.55999869,YES,YES
978,846.5901163,4.58027742,YES,NO
979,1222.885085,13.46380731,NO,YES
980,980.7853099,2.649978039,YES,NO
981,999.7259309,3.188436195,NO,NO
982,1125.203761,12.94341829,NO,YES
985,924.6554665,10.42099168,YES,NO
986,1499.493349,13.58159928,NO,YES
987,1007.99175,3.628697694,YES,NO
989,1083.484924,13.52969203,YES,NO
991,832.9295644,1.075948867,YES,NO
993,1285.152596,8.271253434,YES,YES
994,1425.006286,8.67699971,YES,YES
995,1255.036303,1.002619363,YES,NO
996,1458.336575,6.77317546,NO,YES
997,875.4674917,7.30240822,NO,NO
998,1287.266621,9.37137968,NO,YES
1000,1332.024669,5.563357721,YES,YES
1002,861.8467359,7.600619005,YES,NO
1004,1456.553046,14.40185994,YES,YES
1006,986.8994745,13.08949748,YES,NO
1009,1138.946944,13.72191865,YES,NO
1011,747.459483,9.685655067,NO,NO
1012,1722.919284,2.110939354,NO,YES
1014,1410.056972,14.59068742,YES,YES
1015,978.9953139,4.603103718,NO,NO
1016,663.2073903,7.475223332,NO,NO
1017,724.7333263,14.52990964,YES,NO
1018,991.6005401,6.702385598,NO,NO
1019,794.5137292,12.43133063,YES,NO
1023,1486.299704,5.757522781,YES,YES
1024,1297.851905,11.03902216,NO,YES
1025,1345.617878,8.458932566,NO,YES
1026,1207.515085,14.58654042,YES,NO
1027,1118.940223,13.99594153,YES,NO
1028,1794.239412,6.528387511,NO,YES
1029,1059.889574,7.723637436,NO,YES
1030,701.8037418,11.36319635,NO,NO
1033,1441.705061,13.79803551,NO,YES
1035,1400.742008,9.957000221,NO,YES
1036,1287.831006,2.558233232,NO,YES
1038,1735.656023,8.370147831,YES,YES
1039,1481.607134,14.14283259,NO,YES
1040,1166.311445,4.995695431,YES,NO
1041,1151.444145,6.358260285,NO,YES
1042,1215.000112,5.413276559,YES,NO
1043,1099.475311,8.629122627,YES,NO
1045,1437.041105,12.04488218,YES,YES
1047,1786.874387,13.82265857,NO,YES
1048,1510.518146,4.767343161,NO,YES
1050,1110.444409,2.693024117,NO,NO
1051,1143.952578,13.96716137,YES,NO
1052,834.5501554,14.37639711,YES,NO
1054,1122.880902,8.067107723,NO,NO
1055,1451.709681,2.186434979,NO,YES
1056,1157.515009,11.51602233,YES,NO
1060,1620.904913,12.68351543,NO,YES
1061,896.4725365,14.98829837,YES,NO
1063,1371.376995,7.588767698,NO,YES
1064,1407.014464,13.36154426,YES,YES
1065,1501.492151,4.502483782,NO,YES
1067,1297.038782,5.896638369,NO,YES
1068,1184.834748,6.396130071,YES,NO
1069,1710.29266,14.57129699,YES,YES
1070,1320.360465,10.70435824,YES,YES
1071,779.295392,1.36989564,NO,NO
1072,989.9867512,7.903854146,NO,NO
1073,1523.800467,6.556825489,YES,YES
1075,1209.686831,10.42827385,YES,YES
1077,897.3483234,6.29056856,YES,NO
1078,999.6305621,11.86382578,NO,NO
1079,1549.881086,13.46075557,YES,YES
1080,1502.19774,8.328501986,YES,YES
1081,592.1534691,6.439547603,NO,NO
1082,1557.914276,12.93943984,NO,YES
1083,2036.657122,6.510528323,NO,YES
1084,1065.511926,13.49370667,NO,NO
1086,1254.510498,3.26286982,YES,NO
1087,1514.232746,14.16529827,YES,YES
1091,1031.51317,8.582597216,YES,NO
1092,1430.440612,11.82811935,YES,YES
1093,1713.359816,13.30918467,YES,YES
1094,1635.853275,4.36209792,YES,YES
1095,1596.54334,11.27963225,NO,YES
1096,1131.053261,14.37903548,NO,YES
1097,1243.979838,4.14031063,YES,NO
1099,964.5494292,4.81766502,NO,NO
1100,920.1845503,10.71215239,YES,NO
1101,833.5469489,4.04503641,YES,NO
1102,1360.020623,5.980767197,YES,NO
1103,802.3312287,12.63589172,YES,NO
1104,1489.354483,12.42046914,NO,YES
1105,1103.880747,8.083273651,YES,NO
1106,1272.66455,9.055606056,YES,NO
1109,1373.99401,7.598194013,YES,YES
1110,1129.786695,7.103545598,NO,YES
1111,1083.886488,2.047290843,NO,NO
1112,1155.372512,5.805575873,YES,NO
1113,968.6489851,11.87486153,NO,NO
1114,1146.484988,6.574881604,NO,NO
1115,1333.530019,8.816668701,YES,YES
1116,757.1178465,11.12313446,NO,NO
1117,1210.59922,5.990037669,NO,YES
1118,1058.000875,5.472828886,NO,NO
1120,1205.301987,9.473892098,YES,NO
1121,1392.455162,2.298533523,NO,YES
1125,1278.597857,14.7435361,YES,NO
1126,1869.916259,4.01270357,NO,YES
1128,1341.432119,8.548876367,NO,YES
1129,1306.535184,10.53118326,NO,YES
1131,1086.081296,11.28040503,YES,NO
1134,1713.063155,14.5733711,YES,YES
1135,1105.035667,8.293335459,NO,YES
1136,1542.898325,9.945426953,YES,YES
1137,1359.785306,7.47231896,NO,YES
1138,1118.893627,5.310139719,NO,NO
1139,1091.501986,3.081299556,YES,NO
1140,1776.507278,13.56911952,NO,YES
1142,1016.406265,7.171088243,YES,NO
1144,1151.230129,9.684140386,NO,NO
1146,950.2993025,4.411299725,YES,NO
1148,1486.052488,8.10166087,YES,YES
1149,808.1914287,13.16947223,YES,NO
1150,1300.694638,12.13690251,YES,YES
1151,1050.735155,2.687556249,YES,NO
1152,1120.062701,8.892010804,YES,NO
1153,1010.192461,8.222997779,NO,NO
1154,1069.102513,14.4039262,YES,NO
1155,1410.026735,13.81906771,YES,YES
1156,948.8746063,8.50842426,NO,NO
1159,921.6431358,11.11526831,YES,NO
1162,796.1943762,13.94659677,YES,NO
1164,500,6.263144623,YES,NO
1165,724.5108029,11.26472815,YES,NO
1166,1155.360987,4.843400694,NO,NO
1167,1077.221044,4.136419021,YES,NO
1168,1471.243861,8.21850042,YES,YES
1169,1045.402256,12.31824459,NO,NO
1170,1110.989037,6.854883029,NO,NO
1171,946.5231081,5.30089532,NO,NO
1172,1413.000334,5.958600285,YES,YES
1174,1168.463235,3.609395005,NO,NO
1175,1262.025284,3.799896408,YES,NO
1176,1136.370219,4.643765572,NO,NO
1177,1488.944846,1.541907117,YES,YES
1179,1380.682174,9.130573781,NO,YES
1181,1413.033529,4.476451413,NO,YES
1182,1114.233688,5.549395279,YES,NO
1186,1362.541067,12.00840509,YES,YES
1189,1048.590863,8.787052109,YES,NO
1190,1154.466494,6.402547189,NO,YES
1191,1487.914402,2.841526895,NO,YES
1192,888.6024584,4.047083216,NO,NO
1194,911.366123,2.388094314,YES,NO
1196,1146.40183,3.350322068,NO,NO
1197,1134.998742,13.69220691,NO,YES
1199,876.370927,6.143864178,NO,NO
1200,1108.116738,2.838656296,NO,NO
1201,1715.699047,7.961009716,NO,YES
1202,1071.769336,7.700477221,NO,NO
1203,1406.629293,11.61856183,YES,YES
1205,1189.486548,14.69562882,YES,NO
1208,1895.068076,7.830062514,YES,YES
1209,1153.064552,2.83482057,NO,NO
1211,1322.338423,11.48462445,YES,YES
1212,1086.375294,5.491548273,YES,NO
1213,751.6124609,4.96488386,YES,NO
1214,1142.535606,8.907707385,NO,NO
1216,1766.870889,1.537251506,NO,YES
1217,1443.453695,9.455271881,NO,YES
1221,1098.098929,8.525157806,NO,NO
1222,1584.604718,12.07576653,NO,YES
1223,1128.920683,10.828649,YES,NO
1224,1103.35561,7.769129353,YES,NO
1225,1107.056548,10.13711035,YES,NO
1226,1145.75699,14.00577054,YES,NO
1227,1311.859368,5.117929573,YES,NO
1230,1688.293926,5.381015248,YES,YES
1231,670.8392898,4.641520363,YES,NO
1233,901.7765949,1.914345632,YES,NO
1234,1360.267929,14.87808149,YES,NO
1235,1527.046437,10.72451308,YES,YES
1236,1205.001578,13.59517479,NO,YES
1237,1265.248105,5.5685646,NO,YES
1238,1162.020759,7.860763343,NO,NO
1241,1024.326107,14.35609822,YES,NO
1243,1154.960214,9.797736221,NO,YES
1244,598.7237035,9.079312604,NO,NO
1245,1297.063606,2.68129309,NO,YES
1246,1564.509879,3.184284382,YES,YES
1247,1399.153278,6.028001033,YES,YES
1248,1540.297783,1.634640231,NO,YES
1249,1269.293746,5.121828311,NO,YES
1250,1558.855774,12.88293068,NO,YES
1251,932.8193265,1.216343657,NO,NO
1253,1394.46338,2.921744292,YES,YES
1254,500,11.5594885,YES,NO
1255,1531.384563,10.76871756,YES,YES
1256,1205.693842,8.191165823,NO,YES
1257,1218.887806,13.12496725,NO,YES
1259,1321.251835,6.360263089,YES,YES
1260,1634.257194,14.54309603,YES,YES
1261,1311.591188,1.220655683,YES,NO
1262,1024.057325,6.920361742,NO,NO
1263,915.4940669,9.210063319,NO,NO
1264,937.3302994,5.237629992,YES,NO
1265,1362.201766,7.50899775,YES,YES
1266,1121.578138,2.11453301,NO,NO
1267,683.882885,12.17166896,NO,NO
1268,1211.768304,2.915853969,YES,NO
1270,663.1061382,7.376882988,NO,NO
1271,1029.941772,6.971696629,YES,NO
1273,1582.346205,4.48644865,YES,YES
1274,997.9200463,3.1682348,NO,NO
1275,1140.168399,5.105194613,NO,NO
1276,1048.286331,3.563110151,YES,NO
1278,1480.333777,13.41864659,YES,YES
1279,1335.845507,3.823667142,NO,NO
1280,1210.35858,7.799913016,YES,YES
1282,1388.740492,1.440099815,YES,NO
1283,1354.453473,8.637278027,YES,YES
1286,1461.409275,8.030089639,NO,YES
1287,1110.619065,8.595349067,YES,NO
1288,1121.489145,9.239073502,YES,NO
1289,1068.960583,12.36333393,YES,NO
1290,1217.561008,4.989136904,YES,NO
1291,628.602847,11.75474433,YES,NO
1292,903.6167341,8.88775088,YES,NO
1293,1173.995994,4.050317195,YES,NO
1294,1172.322434,4.261972691,YES,NO
1295,1954.186803,10.78941025,YES,YES
1297,1015.4096,11.02514259,YES,NO
1298,623.8778008,4.499891096,NO,NO
1299,1283.779905,7.409603535,YES,YES
1300,904.2001304,8.028018275,YES,NO
1301,546.0789178,8.814188029,YES,NO
1302,634.3433059,6.981890884,YES,NO
1303,1373.945499,10.90592612,NO,YES
1304,1614.230926,2.514455977,YES,YES
1305,1694.741909,7.521208702,YES,YES
1307,1480.134765,2.083192961,NO,YES
1308,1544.414946,11.20947279,NO,YES
1309,786.7969497,14.04798461,YES,NO
1310,1255.361916,8.184906732,NO,YES
1311,1373.584825,1.775537868,NO,YES
1313,1477.94133,10.19565306,NO,YES
1314,1673.945189,12.07190189,NO,YES
1317,926.2331772,6.881084064,NO,NO
1318,1213.039291,1.851780675,YES,NO
1321,1218.132569,11.61465073,NO,YES
1322,1667.824813,10.50414371,YES,YES
1323,827.3400182,12.72284578,YES,NO
1324,1470.510819,9.886081228,YES,YES
1325,1418.57088,6.050780123,YES,YES
1326,1248.134955,11.11177517,YES,NO
1328,1569.629757,3.661028181,YES,YES
1329,1066.148752,11.24392751,YES,NO
1330,972.6595291,13.81207085,NO,NO
1331,1257.500165,14.1218089,YES,NO
1334,1284.309862,4.578151789,NO,YES
1335,788.3816253,2.113560998,YES,NO
1336,1305.982169,14.60158486,NO,YES
1338,1383.677159,12.18104105,YES,YES
1339,1308.539221,4.967442998,YES,YES
1341,811.2324628,14.24220467,NO,NO
1342,1135.174629,5.312879235,YES,NO
1345,1134.955467,3.846618571,NO,NO
1346,815.0262478,7.044947306,YES,NO
1347,1121.706954,7.79148163,YES,NO
1348,1610.403929,12.28120492,NO,YES
1349,1299.129629,8.570241354,NO,YES
1351,1025.292881,8.144233887,NO,YES
1354,1106.488309,2.817772551,YES,NO
1357,1055.718751,8.651784693,YES,NO
1358,1167.41598,10.13399744,NO,YES
1360,1101.300492,4.409838469,YES,NO
1361,1184.475252,7.450006135,NO,YES
1362,656.5160208,14.45945607,NO,NO
1365,1071.705747,1.609656081,YES,NO
1367,1012.073858,11.28295832,YES,NO
1368,1246.614624,13.2330339,YES,YES
1372,1484.113932,7.873290759,YES,YES
1373,1665.546431,4.454971609,YES,YES
1374,1117.782459,9.48914856,YES,NO
1382,1670.096235,11.48812396,YES,YES
1383,959.5045584,13.36338745,NO,NO
1384,1400.668237,8.23955676,NO,YES
1385,1633.284202,8.93585318,YES,YES
1386,1180.082368,4.717648086,YES,NO
1387,1421.757633,5.926048137,YES,YES
1390,1482.590763,12.09316613,NO,YES
1393,769.6214962,1.403760822,YES,NO
1394,860.8812622,1.207978295,NO,NO
1395,1095.048777,8.129643709,NO,NO
1398,820.679559,10.53104872,NO,NO
1399,1562.557953,8.296368899,YES,YES
1402,1367.757072,2.344477815,YES,NO
1407,925.4221603,7.087016795,NO,NO
1408,924.3953632,12.44354601,NO,NO
1409,559.7077024,4.554007515,YES,NO
1410,1099.385466,2.382135481,YES,NO
1413,1259.837137,7.612175501,NO,YES
1414,1193.291575,13.57404371,YES,YES
1415,907.0415189,1.888928431,YES,NO
1416,949.7812162,4.073264944,YES,NO
1417,1246.027235,11.48606341,YES,NO
1418,801.9825362,4.517462758,YES,NO
1420,659.0143204,11.68004422,YES,NO
1425,1515.170849,14.79183963,YES,YES
1427,1606.315895,4.265142788,YES,YES
1428,1006.957886,4.111575817,YES,NO
1429,500,5.838075375,NO,NO
1430,1122.325566,4.716697659,NO,NO
1431,1334.639538,9.105801256,NO,YES
1434,1384.859494,6.289030537,YES,NO
1436,1666.107977,4.312503225,YES,YES
1437,1251.27016,5.559805469,YES,NO
1438,1414.621003,4.697433148,NO,YES
1439,1226.915993,2.356733263,YES,NO
1441,1680.333462,6.657340439,YES,YES
1444,1118.950351,10.39558787,NO,NO
1445,1091.779504,14.72198328,YES,NO
1447,1427.484305,7.082926352,NO,YES
1448,1084.856017,5.493542143,NO,YES
1449,960.739493,9.827407176,NO,NO
1450,1107.047869,8.147785383,NO,YES
1451,1466.203839,10.94839075,YES,YES
1453,573.9569674,1.301896219,NO,NO
1454,500,2.690320248,NO,NO
1456,1428.578337,12.12594329,YES,YES
1457,1162.275563,3.617752342,NO,NO
1458,1338.639342,5.639799806,NO,YES
1461,1291.532524,7.78863097,NO,YES
1465,1461.321061,13.52870938,YES,YES
1466,932.2978894,11.78583545,YES,NO
1467,1354.127253,8.867039416,YES,YES
1469,1190.196856,2.389734194,YES,NO
1470,1682.609997,1.589344824,YES,YES
1472,1200.972979,12.72098054,YES,NO
1473,1858.937829,12.45220739,YES,YES
1474,1055.369432,6.466917381,NO,NO
1478,795.7880064,10.13193339,YES,NO
1481,1406.516566,14.92904504,YES,YES
1482,1135.10085,14.58691966,NO,NO
1483,1394.596544,11.94336511,NO,YES
1484,861.1955292,12.60833031,YES,NO
1485,1167.255854,3.770490806,YES,NO
1487,1138.725202,1.74908927,YES,NO
1488,1251.308322,14.99988148,YES,YES
1491,1499.796924,8.487774957,NO,YES
1493,1588.621698,2.385055851,YES,YES
1494,1305.180878,9.502284699,NO,YES
1495,815.5300859,11.10909512,YES,NO
1497,1377.339621,3.414826354,NO,YES
1499,969.8025982,11.54318817,NO,NO
1501,1672.574821,4.492141012,NO,YES
1502,1135.235705,3.955440005,YES,NO
1503,1135.910483,12.27102612,YES,NO
1504,1298.787808,5.193464431,NO,YES
1505,1196.88205,14.54901113,NO,YES
1508,1309.242047,5.808340237,NO,YES
1510,1186.45906,9.914573241,YES,NO
1511,1308.16424,10.15865526,YES,NO
1512,1641.863407,8.942894014,NO,YES
1513,1445.916524,5.183413545,YES,YES
1514,1507.179669,2.399930105,NO,YES
1515,1043.973638,4.735209252,NO,NO
1516,1006.83313,5.719899093,NO,NO
1517,1573.785227,5.51347777,YES,YES
1520,1442.298854,10.84515337,NO,YES
1521,1013.785194,5.0385734,NO,NO
1524,1466.42673,8.958961335,YES,YES
1526,1258.668649,4.088493524,NO,YES
1527,1567.588853,13.95723762,YES,YES
1528,1302.867169,5.043545908,YES,NO
1532,1421.242747,3.038829801,YES,YES
1534,849.8032095,4.013912374,YES,NO
1535,872.9184335,10.37880562,NO,NO
1536,1309.315024,14.90500933,YES,YES
1537,1596.757295,8.313565805,YES,YES
1538,873.2486164,10.39063863,NO,NO
1542,1253.033096,1.428629562,NO,YES
1543,1071.003022,11.79794634,NO,NO
1544,859.7552712,13.5907104,YES,NO
1545,1559.198117,3.299119085,NO,YES
1547,1707.523881,4.675048131,NO,YES
1549,1088.756032,6.81523458,NO,NO
1550,752.0210797,11.2789313,YES,NO
1552,1159.116993,10.52300076,YES,NO
1553,1457.229839,5.99117718,NO,YES
1554,746.0288052,3.200877922,NO,NO
1555,1431.561972,9.691330254,NO,YES
1556,1689.265005,8.396990416,YES,YES
1558,870.607497,2.356668804,NO,NO
1559,860.2289006,8.957976409,YES,NO
1561,1474.094842,5.235166414,NO,YES
1562,1535.459996,8.776969823,YES,YES
1563,865.585428,10.63062374,NO,NO
1564,950.1968398,12.86728071,NO,NO
1565,1243.335121,5.990364819,YES,NO
1566,1558.435294,1.836832779,YES,YES
1568,1108.40334,6.823267877,NO,NO
1570,763.801475,9.214348238,NO,NO
1571,881.0245975,3.5429092,NO,NO
1573,1633.287611,1.529184136,NO,YES
1576,1273.039354,5.381174943,YES,YES
1577,1031.76144,13.06297521,YES,NO
1580,1181.041602,3.818984975,NO,NO
1581,1316.819436,10.75432287,NO,YES
1582,1091.202781,9.349479849,YES,NO
1583,1198.266382,3.814917861,NO,YES
1584,1568.007901,1.445499205,YES,YES
1586,1020.917544,13.39432,NO,NO
1587,622.3258802,14.89830625,NO,NO
1588,1366.039526,4.009432656,YES,NO
1589,1958.245817,2.899603222,YES,YES
1590,1284.465793,7.345722721,YES,NO
1591,1119.361301,4.907458441,YES,NO
1592,1495.062931,12.26799025,NO,YES
1594,931.489023,1.488939606,NO,NO
1595,553.7422061,14.80137269,NO,NO
1596,741.2744689,1.736624791,NO,NO
1598,1314.846029,5.153085008,YES,NO
1599,1520.72044,3.240633016,YES,YES
1600,1524.544509,1.964384409,YES,YES
1601,1395.489313,4.770393991,NO,YES
1603,873.5545928,3.40176049,YES,NO
1604,1577.016625,10.01164967,YES,YES
1605,1147.13766,14.27610811,YES,NO
1607,1479.488791,2.625403015,YES,YES
1608,736.8855063,4.985962811,YES,NO
1610,1489.631261,7.168142517,YES,YES
1612,1241.504644,11.25930705,YES,NO
1613,919.166813,11.07531725,NO,NO
1614,840.6557903,9.468440375,YES,NO
1616,1387.161812,10.48337804,YES,YES
1617,1056.321768,11.58802368,YES,NO
1619,1433.687815,6.122894968,NO,YES
1620,1440.63883,6.496634591,YES,YES
1621,1239.55182,8.823937432,YES,NO
1623,1192.00069,6.941701132,NO,YES
1624,500,13.48274425,NO,NO
1625,1277.867726,6.809899532,NO,YES
1626,1227.861888,12.43731083,YES,YES
1630,879.2403679,7.905629568,YES,NO
1631,1502.847031,11.29391162,YES,YES
1632,1430.146519,5.997267175,YES,YES
1634,1550.192405,8.031002628,YES,YES
1635,901.9545192,10.07176628,YES,NO
1636,1009.469744,6.655216804,YES,NO
1637,1167.967895,9.254252649,NO,NO
1638,1191.819409,1.811014099,YES,NO
1639,781.5355191,7.558622397,YES,NO
1640,1504.88801,1.931089874,YES,YES
1642,758.3893683,3.278155586,NO,NO
1645,1412.03716,14.4114392,NO,YES
1647,1217.433945,12.13156788,NO,YES
1649,1790.626017,4.225117725,YES,YES
1652,1605.88751,11.8017567,NO,YES
1653,1136.324088,5.633865638,YES,NO
1654,1123.06838,12.29253021,YES,NO
1655,1351.286752,3.625427637,NO,YES
1657,1702.388368,1.624963915,YES,YES
1658,1095.598203,1.512632301,NO,NO
1659,1098.282564,6.80613604,YES,NO
1663,1762.648353,11.99215523,YES,YES
1665,981.9623788,12.45444284,YES,NO
1666,1565.681204,6.367660201,NO,YES
1669,1351.354719,2.423994176,YES,NO
1671,988.4390751,1.644980348,YES,NO
1672,1065.02938,9.883027553,NO,NO
1673,1301.417482,3.4574612,YES,NO
1675,1196.185191,11.74833669,YES,NO
1676,570.6127731,7.278866615,NO,NO
1678,1342.359241,2.823953078,YES,NO
1680,1195.092741,14.39937814,NO,YES
1681,524.9088985,7.505324135,NO,NO
1683,1262.497409,4.754908361,NO,YES
1684,799.4415445,9.533710094,NO,NO
1685,1218.011104,10.46361988,NO,YES
1686,1177.433577,9.529342377,NO,NO
1688,1120.01167,13.41525983,NO,NO
1689,705.5305951,11.75623722,NO,NO
1691,1342.603103,6.17981681,NO,YES
1692,769.6119305,9.423636054,YES,NO
1693,1142.9482,1.062304634,YES,NO
1695,974.9560664,8.290547876,NO,NO
1696,1246.494453,1.133587873,YES,NO
1697,1263.748027,13.42426228,YES,YES
1698,1352.722062,4.852063552,NO,YES
1700,1267.070361,12.03522727,NO,YES
1702,1595.225331,10.00489382,YES,YES
1706,1489.483062,12.89770381,YES,YES
1707,977.7892509,7.290217416,YES,NO
1708,939.6447945,14.2562451,YES,NO
1709,1570.65049,8.382039596,YES,YES
1710,1226.545364,14.64347039,NO,YES
1711,1807.107195,9.535571564,YES,YES
1712,1151.531623,4.247274629,YES,NO
1713,1124.700277,3.228839062,YES,NO
1714,1063.427767,8.721642845,NO,NO
1715,1193.276924,10.48772461,YES,YES
1716,955.4447274,12.00262405,NO,NO
1717,1231.324064,1.587026924,YES,NO
1719,926.1517394,8.373584148,NO,NO
1722,1153.858335,4.143965952,NO,NO
1723,1177.117693,9.815292387,YES,NO
1726,1093.871291,10.23550628,NO,NO
1730,1481.373671,12.57548554,NO,YES
1731,916.8306025,4.664852569,NO,NO
1733,1583.555361,10.10026897,YES,YES
1734,595.0372266,3.250046283,NO,NO
1735,1669.558292,12.91205904,NO,YES
1736,1219.573724,10.21738794,NO,YES
1738,1332.493234,7.755319873,YES,YES
1739,1636.480093,3.718308256,NO,YES
1740,1203.777238,7.523333357,YES,YES
1741,711.2872504,10.05485145,YES,NO
1744,1701.115369,11.72702964,YES,YES
1746,702.2915476,2.538994471,YES,NO
1748,1610.321802,7.599365397,YES,YES
1749,1315.555853,8.634146599,YES,YES
1751,1371.293247,12.57486944,YES,NO
1752,1100.156454,8.464839389,NO,YES
1753,1301.128707,1.661357441,YES,NO
1754,1197.781543,13.62815194,NO,YES
1756,1670.354183,3.22505342,YES,YES
1758,1142.904996,11.74215461,NO,NO
1759,647.1885068,11.85815665,NO,NO
1760,1128.328751,12.33312924,YES,NO
1761,632.0208246,5.338587049,NO,NO
1762,1603.002593,7.02555189,NO,YES
1764,966.4292358,7.069560905,NO,NO
1765,1397.971938,12.37501482,NO,YES
1767,1098.519923,14.27447882,YES,NO
1768,1554.093172,2.752548988,NO,YES
1770,1271.605872,12.39248677,YES,YES
1771,800.8797279,2.837523203,YES,NO
1772,1602.343131,3.73796112,NO,YES
1773,1384.442047,8.791793289,YES,YES
1775,1148.892067,5.425380226,YES,NO
1778,941.448275,13.31448638,YES,NO
1779,1265.776017,3.706014269,YES,NO
1784,1313.166264,8.277519543,NO,YES
1785,1170.532012,13.17754641,YES,NO
1786,1271.145143,5.134344019,YES,NO
1788,1556.90304,9.901878486,YES,YES
1789,767.8519103,5.110360607,YES,NO
1790,1546.615005,3.027154406,NO,YES
1791,964.3549107,3.492974555,NO,NO
1793,1402.595945,11.3224994,NO,YES
1794,1167.051069,5.330073329,NO,NO
1796,1567.993823,8.962788361,YES,YES
1797,861.77161,12.27540106,NO,NO
1798,1543.198313,14.92893443,NO,YES
1799,1489.782592,7.819164508,NO,YES
1800,879.4537648,7.431027871,NO,NO
1801,1184.079598,11.15988429,NO,NO
1802,1056.721193,2.916190461,YES,NO
1803,2034.122706,5.371310041,NO,YES
1804,1373.364076,9.030939778,NO,YES
1805,1361.657925,1.245872842,NO,YES
1806,1117.625668,3.026397334,NO,NO
1808,927.0543112,6.092286455,NO,NO
1810,1316.361819,10.76572586,YES,YES
1811,1198.110625,6.230603724,NO,YES
1812,1392.052205,14.17223979,YES,YES
1814,1319.666314,12.59282847,NO,YES
1815,1608.361411,2.954421313,NO,YES
1816,961.5548537,6.555625486,YES,NO
1817,1508.395097,5.170181113,NO,YES
1819,1538.554156,3.172432903,YES,YES
1820,780.6451093,3.55124089,YES,NO
1821,1406.520363,14.13809347,YES,YES
1822,1394.89515,9.683049632,YES,YES
1823,910.2349578,14.62529033,YES,NO
1824,1430.874648,14.57353522,NO,YES
1828,911.3167197,11.15965864,YES,NO
1833,1161.313593,8.874725376,NO,NO
1835,1672.662494,11.33469718,YES,YES
1836,746.1132808,12.82224029,YES,NO
1837,1301.192367,4.812323003,YES,NO
1838,1070.172037,4.663818217,NO,NO
1839,1309.212318,7.034118072,NO,YES
1840,1087.515189,4.26314721,YES,NO
1841,1198.165794,14.82844558,YES,NO
1842,1649.442276,4.597441208,YES,YES
1845,1103.824263,7.746274953,NO,NO
1846,1186.175271,14.03053998,NO,NO
1848,867.5879111,13.28817216,YES,NO
1849,911.3437939,14.8013549,NO,NO
1850,1583.473397,11.53720558,YES,YES
1851,1290.126067,3.993937742,NO,YES
1852,838.0770858,14.80418245,YES,NO
1853,879.3229398,2.509319832,YES,NO
1854,830.8299674,6.492120125,NO,NO
1855,965.0885519,1.969442649,YES,NO
1856,1401.762088,10.70775902,YES,YES
1857,1848.449829,6.108804929,NO,YES
1859,1312.929651,8.897629306,YES,YES
1860,1407.061518,7.340053718,NO,YES
1861,1258.608309,13.14093518,NO,YES
1862,1231.127729,10.43975708,YES,NO
1863,838.3792283,5.968913272,YES,NO
1864,1361.151737,10.27715706,YES,YES
1865,1175.466407,9.390281082,YES,NO
1866,1070.270803,10.06187136,NO,NO
1868,1465.903233,13.10859204,YES,YES
1870,1114.27966,1.559880291,NO,NO
1871,1087.609718,13.63090376,YES,NO
1872,1665.688355,12.13703215,NO,YES
1875,1117.435391,13.84181438,YES,NO
1876,1065.579571,13.52610204,YES,NO
1877,863.1477195,12.56771704,YES,NO
1878,1336.492874,8.134456131,NO,YES
1881,1230.967123,4.870095791,YES,YES
1882,1409.258204,6.957501939,YES,YES
1883,937.7694679,6.617397336,NO,NO
1884,1191.795766,1.174276613,YES,NO
1885,746.3346817,9.281151339,YES,NO
1886,1557.759342,2.050390956,YES,YES
1887,968.8655902,5.738148459,YES,NO
1888,1333.722968,3.368503001,NO,YES
1891,1011.462126,6.151870003,NO,YES
1892,1352.09615,8.719719684,NO,YES
1893,1369.306458,7.194582769,YES,YES
1894,1465.440775,3.680675213,YES,YES
1895,923.2872752,5.499490245,YES,NO
1896,967.7178044,13.56079355,YES,NO
1897,622.5405037,7.168610081,NO,NO
1900,1122.318379,6.970128171,YES,NO
1901,1395.835964,10.85273377,YES,YES
1902,1020.850464,3.639301293,NO,NO
1903,982.1734962,7.163500381,YES,NO
1904,1401.198955,12.5982073,YES,YES
1905,1501.482107,6.504797549,YES,YES
1906,590.8794336,14.2129689,YES,NO
1907,1045.46972,3.026531657,YES,NO
1908,667.8598473,2.779585416,NO,NO
1910,1240.71038,13.69676273,YES,YES
1911,1358.18214,14.16694953,YES,YES
1912,1004.226476,11.64548769,NO,NO
1913,1327.29159,7.106392147,YES,YES
1915,788.7206225,13.45342324,NO,NO
1917,867.3344685,4.503152267,NO,NO
1918,1369.529138,7.427372467,YES,YES
1919,1238.532914,11.17917526,YES,NO
1920,1331.00568,14.73037429,YES,NO
1921,1760.399826,1.684749386,YES,YES
1923,1101.905461,5.356189502,NO,NO
1924,1567.669674,14.45688693,YES,YES
1926,614.296809,4.860406104,YES,NO
1928,1389.154199,10.05615671,NO,YES
1929,1118.603298,10.49435911,YES,NO
1933,1315.555353,7.680918071,YES,YES
1934,946.673126,8.50169426,NO,NO
1936,730.6677384,10.18077481,NO,NO
1937,1083.217485,12.80461751,YES,NO
1938,1259.488994,13.43739125,YES,NO
1939,1319.766862,11.53672027,YES,NO
1940,1008.019353,14.49836992,NO,NO
1944,907.873125,7.164034872,NO,NO
1946,1810.987193,5.141667525,NO,YES
1947,823.078014,7.297604573,NO,NO
1948,686.3984948,8.724851676,YES,NO
1949,1678.593468,14.21964168,YES,YES
1951,1421.423562,13.82239922,YES,YES
1953,957.4619582,3.565817905,NO,NO
1954,1045.106078,2.86254495,YES,NO
1955,1200.835755,14.86726046,YES,YES
1956,1284.515583,1.466558171,YES,NO
1960,1148.905032,4.805692122,YES,NO
1963,817.8963566,6.461911412,YES,NO
1964,783.9590093,2.005457811,NO,NO
1965,883.5165189,8.785199665,YES,NO
1966,1713.857871,4.763839105,NO,YES
1967,1103.950874,13.01256958,NO,NO
1968,1317.396227,7.543818098,NO,YES
1969,1581.740907,9.646318835,YES,YES
1972,1198.553242,8.749194534,YES,YES
1974,1024.371784,8.659551241,NO,NO
1975,1190.836865,14.94250375,YES,YES
1976,815.5896042,11.27232253,YES,NO
1978,1126.223193,14.9960973,YES,NO
1979,861.4981425,12.04806832,YES,NO
1980,633.2954816,12.56240691,NO,NO
1981,990.3840018,11.33890531,YES,NO
1983,1132.090713,13.71199737,NO,NO
1985,1156.854688,9.209353916,YES,NO
1986,1106.304158,12.15355508,NO,NO
1987,967.3587836,8.923089209,NO,NO
1992,1062.803363,3.05605325,YES,NO
1994,692.3295043,10.97301592,NO,NO
1997,604.0612741,7.391655636,YES,NO
1998,1380.448204,1.53122821,YES,NO
1999,1124.472887,13.60504895,YES,NO
2001,1456.048933,10.20252833,YES,YES
2002,1156.450911,11.462183,YES,NO
2003,1512.334186,1.88956824,YES,YES
2004,767.4771336,4.624938011,YES,NO
2005,796.2224221,4.64540732,YES,NO
2006,967.4080146,8.103273675,YES,NO
2007,1196.967015,9.640562063,YES,NO
2009,1712.230708,14.44952997,YES,YES
2011,993.6212098,5.673344501,YES,NO
2012,1104.557759,12.7947616,YES,NO
2013,1151.84052,1.99441175,NO,NO
2015,1277.373737,12.97635515,YES,NO
2018,1958.516913,1.94227754,NO,YES
2019,1134.804031,5.271955418,NO,NO
2023,1045.757817,2.747703758,NO,NO
2024,788.6011997,6.509031332,NO,NO
2027,1133.624311,3.384657298,YES,NO
2028,1175.456443,1.612033876,NO,NO
2029,1138.689578,14.19343905,NO,YES
2030,1475.045838,9.697961646,NO,YES
2031,1022.580571,3.659190842,NO,NO
2032,1429.788714,11.74048785,NO,YES
2033,1108.754148,7.950121506,NO,NO
2034,893.22493,12.5773708,YES,NO
2035,1478.345305,5.102758288,YES,YES
2036,1215.495899,7.288184617,YES,NO
2037,1291.917079,12.33903979,YES,YES
2039,1525.656909,1.082224376,NO,YES
2040,1015.457907,4.651551425,YES,NO
2041,1501.272504,8.673879273,YES,YES
2044,1285.688297,1.282362667,YES,NO
2045,1662.570892,5.157562952,NO,YES
2046,1728.961582,7.657877651,YES,YES
2047,958.1684728,3.362895242,NO,NO
2049,883.5868251,10.65622365,NO,NO
2050,1725.137318,12.02635481,YES,YES
2051,1318.528085,6.687454437,NO,YES
2053,874.3024232,3.281840127,NO,NO
2055,1112.482819,3.408030325,NO,NO
2056,859.7649094,4.947434674,YES,NO
2057,1610.106767,13.55367539,YES,YES
2058,729.860953,5.344927993,YES,NO
2059,1001.830561,1.846624457,YES,NO
2061,1230.538057,4.758436277,NO,YES
2062,1520.41844,9.379772475,YES,YES
2066,1234.736184,6.019924725,YES,NO
2068,1436.092744,4.493466592,NO,YES
2069,1143.173167,2.17213351,YES,NO
2070,1712.422393,10.93431352,YES,YES
2072,1649.399488,1.041583319,NO,YES
2073,1900.02003,9.637913148,NO,YES
2079,1361.550084,14.58433414,YES,YES
2080,929.8597139,11.06189403,NO,NO
2081,1257.254138,13.35082675,YES,NO
2083,877.6694622,10.58601153,YES,NO
2084,1180.448627,12.81861449,YES,NO
2085,1115.991344,7.45915163,YES,NO
2086,1756.631796,4.475493975,NO,YES
2087,1290.793275,11.66570969,YES,YES
2089,1024.496076,14.96240299,YES,NO
2090,1525.273057,4.115087937,NO,YES
2091,1178.575127,3.247341237,YES,NO
2092,1127.156269,5.893750386,NO,NO
2093,1123.900598,2.41681733,YES,NO
2095,1635.363256,12.45640029,YES,YES
2097,1968.050298,10.27143852,YES,YES
2098,1363.880761,3.797357503,YES,NO
2100,740.9280793,9.9381253,YES,NO
2102,1096.348263,10.64283495,YES,NO
2103,1497.614904,8.213094889,YES,YES
2104,661.2567938,8.528125213,YES,NO
2105,1483.667572,7.475963806,YES,YES
2106,1204.593555,8.517200478,YES,YES
2107,1254.214449,1.303049958,NO,NO
2108,1417.50653,14.53025213,YES,YES
2109,1366.258972,13.90312376,NO,YES
2110,1326.00573,1.537897662,YES,NO
2111,715.6321755,8.028334416,YES,NO
2112,885.1643342,11.05100318,NO,NO
2113,949.3732896,3.41618458,YES,NO
2114,1599.377222,6.608823013,YES,YES
2115,1213.079731,9.8316761,YES,NO
2116,1425.918211,2.212797962,YES,YES
2117,1184.219024,6.420861082,NO,YES
2118,1252.783284,9.083006022,NO,YES
2120,1087.102024,1.048796294,YES,NO
2121,1134.163762,8.163095322,YES,NO
2123,762.9401347,1.280294133,YES,NO
2124,781.8085061,8.591063766,NO,NO
2125,1469.781025,6.415612587,YES,YES
2129,869.7822832,5.726688936,YES,NO
2130,1293.945823,3.593110821,YES,NO
2131,1076.052333,1.463224816,NO,NO
2133,1763.632067,5.509583827,YES,YES
2134,1017.575829,13.22115896,YES,NO
2135,1519.471889,3.743244516,NO,YES
2136,1557.811325,3.86045909,NO,YES
2138,1614.977604,6.831194519,NO,YES
2143,1692.128414,13.70544868,NO,YES
2144,1303.211198,14.80132679,NO,YES
2145,1246.514277,10.97512591,NO,YES
2147,1159.526537,10.3469569,NO,YES
2148,1190.291397,1.794513987,NO,YES
2150,1050.568172,10.87859018,NO,YES
2151,1299.694935,11.17558296,YES,NO
2152,1304.07637,13.72812042,YES,YES
2153,1564.13307,10.41076154,NO,YES
2154,1176.442083,3.817853463,YES,NO
2155,1272.569034,11.22914358,NO,YES
2157,1038.068603,5.197990844,NO,NO
2158,1163.54645,7.207387407,YES,NO
2159,1394.532501,9.714538102,YES,YES
2160,826.6811465,13.45231017,YES,NO
2161,1320.047445,8.904342147,YES,YES
2162,846.4396303,7.199606946,NO,NO
2164,1170.721643,2.858744314,YES,NO
2165,1530.002232,3.247580732,YES,YES
2166,1003.083134,8.742109316,YES,NO
2167,1310.573041,9.6104262,NO,YES
2169,1238.453064,13.64086374,YES,NO
2171,1306.919288,9.830379554,NO,YES
2172,1552.283056,10.57491636,YES,YES
2173,1526.562607,10.70090284,NO,YES
2174,1381.833677,8.241006212,NO,YES
2175,1013.458453,7.665507634,YES,NO
2176,500,7.236585971,YES,NO
2177,794.5165576,2.767053994,YES,NO
2178,1091.492548,13.54220541,YES,NO
2179,883.4045389,8.433622267,YES,NO
2181,1272.263348,14.72072102,YES,NO
2183,1366.127845,1.534440125,NO,NO
2184,1586.341605,7.300210258,YES,YES
2185,822.9320461,11.69435209,YES,NO
2186,1408.684423,10.11007539,YES,YES
2188,1171.42388,8.087989607,YES,NO
2189,1470.925449,8.144046321,YES,YES
2192,1340.317969,1.23089054,YES,NO
2195,822.7809624,7.264409672,NO,NO
2196,1384.67778,6.671778183,YES,NO
2197,1284.775973,5.246872032,NO,YES
2198,1410.193711,2.812001146,NO,YES
2199,1608.083038,1.144426994,NO,YES
2201,1435.951963,9.755893243,NO,YES
2202,1139.197516,8.624523356,YES,NO
2203,1348.690881,12.3025781,YES,NO
2204,1245.214311,5.038374191,YES,YES
2206,1311.421649,13.85322476,NO,YES
2207,1161.925568,5.002194695,YES,NO
2209,1342.410025,8.294464161,NO,YES
2210,807.1094845,3.48458118,YES,NO
2211,1181.763371,10.20048085,NO,YES
2212,1251.747403,14.17431376,YES,YES
2213,929.6321941,2.47624851,NO,NO
2215,793.667403,4.715566998,YES,NO
2217,1124.793796,2.890729329,NO,NO
2218,1614.096944,4.091586908,YES,YES
2220,942.7336314,12.62433298,YES,NO
2221,809.2322233,3.764060376,YES,NO
2223,1349.506087,8.067855563,NO,YES
2225,1065.084814,3.596664655,YES,NO
2226,1195.282688,6.054797873,NO,YES
2227,1381.774291,7.823353797,NO,YES
2228,1625.933751,12.21787872,NO,YES
2229,913.5996131,4.192736984,YES,NO
2230,1120.010219,8.45926069,YES,NO
2232,1492.703664,14.52138303,YES,YES
2233,989.1843372,7.102919192,YES,NO
2234,1129.431047,9.602309254,NO,YES
2236,636.3471544,4.63132027,NO,NO
2239,1656.038783,8.686153022,YES,YES
2240,1275.057645,13.75337552,YES,YES
2241,1538.612201,7.368209366,NO,YES
2243,1414.532699,8.710533625,NO,YES
2244,1754.630581,10.19710038,NO,YES
2245,1155.451613,11.103537,YES,NO
2246,1334.099802,8.793546082,YES,YES
2249,1223.949003,6.571524228,YES,NO
2251,1232.468792,8.889725341,YES,NO
2252,948.2750018,10.63422473,YES,NO
2253,871.6191704,6.313429303,YES,NO
2254,1314.462703,13.52543452,NO,YES
2256,1177.55333,7.667741389,YES,NO
2259,1450.430804,12.46619224,NO,YES
2260,2047.060253,12.32860635,YES,YES
2262,1459.138101,8.887930981,YES,YES
2263,1720.844865,9.612309284,YES,YES
2264,667.904533,5.319782126,YES,NO
2265,999.3735509,14.43057639,YES,NO
2266,1113.726964,10.90089195,YES,NO
2267,768.0808493,12.54108728,YES,NO
2269,1349.529475,10.74060469,YES,YES
2270,1478.725327,7.449582624,YES,YES
2271,1031.000557,11.89452346,YES,NO
2272,1065.346375,8.841385144,YES,NO
2273,1302.952574,14.44184249,YES,YES
2274,1163.189521,1.21478736,YES,NO
2275,1513.684025,8.839557271,YES,YES
2276,1401.762897,1.077089982,YES,YES
2278,1120.887308,8.541585812,NO,NO
2280,574.077215,5.505755073,YES,NO
2281,1344.76476,1.725551916,YES,NO
2283,984.816036,2.118646776,NO,NO
2284,616.4671033,4.703951737,YES,NO
2285,630.5525241,2.03721077,NO,NO
2286,967.0906723,12.32003781,NO,NO
2287,1021.780006,2.390151723,NO,NO
2288,1242.309603,2.908939325,NO,YES
2289,1008.509768,1.67638525,NO,NO
2290,1060.056728,14.75429314,YES,NO
2292,1342.487557,13.86139605,NO,YES
2293,1081.030406,7.857348011,NO,NO
2294,1504.577074,10.40131626,NO,YES
2295,1091.681363,7.695389951,NO,NO
2296,950.9746349,1.131308274,YES,NO
2297,1357.281238,11.65874413,NO,YES
2298,901.2983699,14.66934922,YES,NO
2300,1460.036322,6.702761645,NO,YES
2301,711.2777745,10.11363051,YES,NO
2303,1020.21047,4.707904328,NO,NO
2304,835.5176551,8.249528089,YES,NO
2305,1160.90568,7.166419193,YES,NO
2307,1165.155479,12.60008288,YES,NO
2308,1065.105916,9.393888474,NO,NO
2310,1093.446913,2.630341128,YES,NO
2311,883.579584,2.952184692,YES,NO
2312,1523.789084,9.239343944,NO,YES
2315,1069.189401,12.98807203,YES,NO
2316,1620.877489,11.64784573,NO,YES
2318,818.5619842,12.03904192,NO,NO
2320,1479.936904,5.634520622,NO,YES
2322,698.2445251,10.06727913,YES,NO
2324,1256.615162,4.796927303,YES,NO
2327,812.8156049,7.93863087,NO,NO
2329,1594.503183,14.30753708,NO,YES
2330,775.3402084,8.208890965,YES,NO
2331,1240.345083,8.574837134,YES,YES
2332,1653.739972,14.95061909,YES,YES
2333,1546.376574,11.99182848,YES,YES
2334,1366.148673,12.16653252,NO,YES
2335,916.7345131,9.716802478,NO,NO
2336,1470.008444,9.619219795,NO,YES
2338,796.3584801,13.64676879,NO,NO
2339,1459.71302,2.89092284,NO,YES
2340,1457.958589,1.013792383,NO,YES
2341,880.7235248,9.836904985,YES,NO
2342,1058.491843,11.68764847,YES,NO
2343,1065.017856,11.05346817,YES,NO
2344,1675.812632,8.34585172,NO,YES
2346,911.614574,12.79994856,NO,NO
2349,1642.163084,8.288708239,NO,YES
2354,1415.323338,3.254893817,NO,YES
2355,1319.377746,3.190201391,YES,YES
2357,770.8805745,6.243275268,NO,NO
2358,1360.062903,12.59155751,NO,YES
2359,861.0026383,11.7622728,NO,NO
2360,1413.107259,4.332544999,YES,YES
2361,1362.02405,7.573299056,YES,NO
2362,1589.527283,1.822880191,YES,YES
2363,1239.725718,14.01790529,NO,YES
2364,1078.944824,11.6089923,NO,NO
2365,688.8943228,4.553107903,YES,NO
2367,1218.084328,11.65624349,YES,YES
2368,1553.921569,5.943552996,YES,YES
2369,1682.598906,10.97264029,NO,YES
2370,953.3471709,6.058571637,NO,NO
2372,1135.815437,9.408821157,YES,NO
2373,1589.309381,11.7722911,YES,YES
2375,1022.40223,12.65675962,YES,NO
2376,1175.003923,10.90531463,NO,NO
2378,1039.315784,13.33574671,NO,NO
2379,1285.1892,1.64153506,YES,NO
2380,1002.686167,14.2436205,NO,NO
2383,1466.115991,1.808285137,NO,YES
2384,1363.750695,12.19841816,YES,YES
2386,1111.282428,9.759041748,YES,NO
2387,1436.86733,1.432639743,NO,YES
2388,1397.778366,7.461634728,YES,YES
2391,936.3542286,4.356645594,YES,NO
2392,1662.139983,8.711496556,NO,YES
2394,535.6902713,2.711287779,YES,NO
2395,1281.94471,3.724760587,YES,YES
2397,1386.795335,8.603921229,NO,YES
2399,822.0487278,3.299730295,NO,NO
2400,1572.080343,1.686169114,NO,YES
2403,956.2531404,12.69516434,NO,NO
2404,1186.2835,7.552779571,YES,NO
2405,909.3534334,9.66223767,YES,NO
2408,912.0143211,1.794443863,YES,NO
2409,1580.790439,9.177939173,NO,YES
2412,1474.480033,2.964679036,NO,YES
2417,796.8735059,5.660708409,YES,NO
2418,1758.579159,9.735843301,NO,YES
2420,994.9110147,9.501192619,NO,NO
2422,1244.935117,11.93237633,YES,YES
2423,2219.537791,9.537032021,YES,YES
2424,1042.286763,4.24195851,NO,NO
2426,1554.716509,8.428152111,NO,YES
2427,1352.776944,6.939294382,YES,NO
2428,1453.137542,6.157517271,YES,YES
2430,922.0991115,12.56507769,NO,NO
2431,1575.888181,1.570289169,NO,YES
2433,1342.890056,1.164564724,YES,NO
2436,1149.392957,5.924299049,YES,NO
2437,1326.46687,4.813567256,YES,NO
2440,709.3758493,8.964370536,NO,NO
2441,1576.286927,14.74455267,NO,YES
2442,1105.033955,7.52596173,YES,NO
2443,1786.721381,8.468636325,YES,YES
2444,1060.870445,13.13898807,NO,NO
2445,757.1137053,10.83262634,YES,NO
2447,894.2819203,9.884782635,NO,NO
2449,1831.117064,10.4656692,NO,YES
2450,717.3400277,4.285896738,NO,NO
2451,1660.641764,12.15846688,YES,YES
2454,1450.222185,7.037396799,NO,YES
2455,1473.458011,8.173860205,NO,YES
2456,1704.110092,12.3294415,NO,YES
2458,1224.522819,14.04073933,YES,NO
2459,931.2264999,14.72582082,YES,NO
2461,1310.852555,1.419713743,YES,NO
2462,1196.568713,9.043405447,YES,NO
2464,1278.132632,13.01147018,YES,NO
2468,1232.739381,12.1849805,YES,YES
2471,1062.170235,12.58063827,NO,YES
2472,1153.458815,13.04369061,YES,NO
2473,1476.722829,5.457323163,YES,YES
2474,1048.928494,1.172499189,YES,NO
2475,1418.918693,7.206754527,NO,YES
2476,1254.794139,8.620747223,NO,YES
2477,748.0466993,6.802710945,YES,NO
2478,1031.439566,7.729712951,NO,NO
2479,1271.717829,12.31955749,YES,NO
2481,597.3118803,6.797044706,NO,NO
2484,1250.826427,1.71000065,YES,NO
2485,1402.269181,4.947892502,YES,YES
2486,1203.277115,9.927398552,NO,YES
2487,611.6594283,7.817992349,YES,NO
2490,1214.133903,9.664075905,YES,YES
2491,1568.317519,1.035004015,YES,YES
2492,1263.319021,11.90647128,NO,YES
2497,1132.330341,11.9714891,NO,NO
2498,692.7903292,12.7698236,YES,NO
2499,1257.646036,13.20865085,NO,YES
2502,1104.212574,1.406718388,YES,NO
2503,725.2896007,3.360190155,NO,NO
2504,1378.210426,10.04308283,YES,YES
2505,1378.470521,1.441893462,YES,NO
2506,1533.274748,14.5230857,YES,YES
2509,1485.909617,8.149962923,NO,YES
2510,1184.984131,3.78659309,NO,NO
2511,828.9728831,5.4020473,YES,NO
2514,1273.886359,8.154444694,YES,NO
2517,1732.620805,5.937889965,NO,YES
2518,1841.038519,13.73510025,YES,YES
2519,1314.306348,13.23713505,YES,NO
2521,1494.481189,3.142974804,NO,YES
2522,1212.22583,13.26383218,NO,YES
2524,757.2925054,4.053284106,YES,NO
2526,967.2199436,6.810637649,YES,NO
2528,952.5789714,4.998375955,YES,NO
2532,1082.071604,3.81534175,NO,NO
2533,1770.166909,2.553663692,YES,YES
2535,955.3621084,8.92127711,YES,NO
2536,792.3314681,7.709273614,YES,NO
2539,1068.429588,12.41242192,YES,NO
2541,1868.585324,6.236468498,YES,YES
2542,1396.090595,13.37518587,YES,YES
2543,1026.149272,8.113567114,NO,YES
2544,1043.723561,4.173577622,YES,NO
2545,1250.996102,2.072811235,NO,YES
2546,1088.067658,11.96345207,YES,NO
2550,1632.03821,3.27364559,NO,YES
2552,1011.415581,2.538629419,YES,NO
2553,1028.306438,5.152486566,YES,NO
2554,1104.316325,3.467527479,YES,NO
2555,679.1925304,5.738630437,YES,NO
2556,1559.017754,3.570873704,YES,YES
2558,1708.394645,3.836647761,YES,YES
2559,1413.380269,13.12756171,NO,YES
2560,1882.093008,11.27117185,YES,YES
2562,1889.457987,4.371895123,NO,YES
2563,1699.00146,12.60536118,NO,YES
2565,718.2187915,6.55960372,YES,NO
2566,1407.91917,2.947601804,NO,YES
2567,1522.226127,4.854022055,YES,YES
2568,706.9367194,5.428544804,NO,NO
2569,1004.29517,13.79871481,YES,NO
2570,1323.392365,13.58939058,NO,YES
2572,1589.565997,5.401040694,NO,YES
2574,1069.866679,12.84923051,NO,YES
2576,1335.074015,3.258156423,YES,YES
2577,1254.091769,10.03491885,YES,NO
2580,988.4956599,11.86919735,NO,NO
2581,1017.740451,4.349995035,YES,NO
2583,827.108894,14.85034999,YES,NO
2584,1658.073327,1.901587278,NO,YES
2585,1418.41326,4.630348936,NO,YES
2586,1284.638255,4.830410088,NO,YES
2589,828.0236175,13.73226792,YES,NO
2591,1237.327016,11.83819297,YES,NO
2592,832.1613055,10.29473912,NO,NO
2593,1278.788419,2.219158812,NO,YES
2594,1138.588499,9.617005256,NO,YES
2597,1377.328319,5.505521595,YES,YES
2599,1469.135622,8.337793848,YES,YES
2600,1062.452589,7.149627622,NO,NO
2601,834.0985268,6.647410357,NO,NO
2602,1255.723036,13.92764721,YES,NO
2604,1048.798992,11.96652854,YES,NO
2605,883.3433206,3.642119549,YES,NO
2606,1263.592462,14.52732213,NO,YES
2608,1463.054344,3.489113375,NO,YES
2610,757.9558952,11.46558951,NO,NO
2612,1001.086524,12.98959112,NO,YES
2613,1376.167981,11.39288033,YES,YES
2615,873.9741546,11.52249912,YES,NO
2616,1037.818622,14.65374036,NO,NO
2618,1170.779533,2.727450001,NO,NO
2621,831.9216729,6.861170377,YES,NO
2626,1187.815939,7.588668794,NO,YES
2628,1175.143265,1.869148855,NO,NO
2630,1520.578924,8.626115789,NO,YES
2631,907.0133317,1.089386117,YES,NO
2632,1721.331772,6.0665603,NO,YES
2633,1392.910675,4.869899975,NO,YES
2636,1416.532738,13.98615307,YES,YES
2639,1109.458364,12.2780845,NO,NO
2640,1129.392094,10.50392309,YES,NO
2641,1450.850995,7.676768218,YES,YES
2642,1337.179966,4.206825691,NO,YES
2644,1566.710893,10.2571073,YES,YES
2645,946.9356462,10.5112042,NO,NO
2646,1642.43973,11.71149754,NO,YES
2647,1672.206641,10.82187945,YES,YES
2648,1277.918316,14.69354552,NO,YES
2652,1058.449887,5.9642297,YES,NO
2655,1137.333658,12.44863002,YES,NO
2656,1661.452791,9.711344998,NO,YES
2657,1352.673252,10.66511243,YES,YES
2658,1644.38199,6.768412056,NO,YES
2659,1357.450611,1.276025675,NO,YES
2660,828.5794906,4.728950999,NO,NO
2664,1129.329421,1.855365123,NO,NO
2666,1443.199353,7.141256715,NO,YES
2667,1252.241888,13.21746437,YES,NO
2668,993.7131001,3.151818119,YES,NO
2670,916.5138235,2.423238738,NO,NO
2671,1235.782661,10.0130989,NO,YES
2672,1272.824424,6.203771544,YES,NO
2673,1590.784802,14.44597848,NO,YES
2675,1320.007029,3.97691523,YES,YES
2677,1162.804277,8.97454642,NO,YES
2678,1480.890613,4.092990469,NO,YES
2679,898.9560954,9.186922281,NO,NO
2680,1534.069508,5.532936588,NO,YES
2681,1584.040566,14.91007732,YES,YES
2682,1368.173666,3.54670968,NO,YES
2684,1226.853436,6.651060689,YES,NO
2685,1182.679077,8.931080069,YES,NO
2687,940.4018784,11.93947018,NO,NO
2688,1278.979517,9.224212707,YES,YES
2689,814.5855241,2.144363417,YES,NO
2692,1116.331588,5.035892029,NO,NO
2694,761.0851757,4.692660353,NO,NO
2695,1354.087599,3.108883286,NO,YES
2696,762.9188265,9.066361844,YES,NO
2698,1291.255206,14.13882367,YES,NO
2699,1108.546558,4.167328544,NO,NO
2700,1460.762783,13.92889473,NO,YES
2701,992.4648826,4.049068995,YES,NO
2703,1170.9129,4.757701885,NO,NO
2704,1444.291377,6.993937831,NO,YES
2705,500,7.568586405,YES,NO
2708,1493.01095,2.297837537,NO,YES
2709,846.8652588,12.68281969,NO,NO
2710,1124.409874,14.36973947,YES,NO
2711,1869.785689,8.957574555,NO,YES
2712,1417.063667,10.84913698,NO,YES
2713,940.7619744,6.028726874,YES,NO
2714,1200.319551,13.93038596,YES,YES
2715,1938.470521,5.927333565,NO,YES
2716,957.5217019,2.688531083,YES,NO
2719,1578.069749,1.14806059,YES,YES
2724,1281.783894,2.961285427,YES,YES
2725,1012.518464,3.309564661,YES,NO
2728,1599.784118,12.41587241,YES,YES
2729,1450.718797,3.741780623,NO,YES
2730,1320.866618,6.167829916,YES,NO
2732,1113.571193,13.246033,YES,NO
2733,500,12.20832149,NO,NO
2735,1449.95386,8.097191925,NO,YES
2736,1330.303933,13.1059316,NO,YES
2737,1069.064959,1.562585734,YES,NO
2738,867.8607979,14.55234227,NO,NO
2741,992.1209572,12.48546241,YES,NO
2742,606.0926523,10.57590918,YES,NO
2744,1481.124019,5.574371825,NO,YES
2745,714.1635338,6.881284332,YES,NO
2747,1245.504738,12.32689168,YES,YES
2748,1036.610088,1.911892719,NO,NO
2749,1294.139811,2.97266561,NO,YES
2750,1238.632024,10.12042425,YES,NO
2751,2168.499612,9.704963528,YES,YES
2752,555.4426107,11.96074472,YES,NO
2753,730.1503674,11.2142994,YES,NO
2757,939.2693654,4.64921752,YES,NO
2758,1718.958336,6.996187066,YES,YES
2759,1154.590217,13.11175819,NO,NO
2762,1423.270353,3.357753817,YES,YES
2764,1551.081665,5.577905693,NO,YES
2765,722.3881514,2.546776203,YES,NO
2766,1401.694554,5.843122357,NO,YES
2769,1315.928787,1.940349652,YES,NO
2771,1233.209055,1.181291119,NO,YES
2772,1549.536555,6.535999582,NO,YES
2773,1527.266746,7.349746485,NO,YES
2775,1326.76241,6.829379884,YES,NO
2776,855.5410871,7.723542284,YES,NO
2777,618.0626701,14.33589291,NO,NO
2778,1095.54345,5.538825606,NO,NO
2781,1124.240462,4.96977269,YES,NO
2782,838.016611,8.496649639,YES,NO
2783,1071.025405,2.276440735,NO,NO
2785,1159.436669,8.069494375,NO,YES
2788,1094.184147,9.218807786,YES,NO
2789,1103.601295,10.40960706,YES,NO
2791,980.6828572,9.218785822,YES,NO
2792,1735.717275,6.025717771,YES,YES
2793,1415.33794,10.89834874,YES,YES
2794,1328.485761,11.55366095,YES,YES
2795,942.8815093,14.07025166,YES,NO
2797,1142.105532,10.69413966,YES,NO
2798,1642.338935,10.49967897,YES,YES
2799,1277.82937,2.922481949,YES,NO
2800,1446.124185,10.99339432,YES,YES
2801,1129.456543,14.0719296,YES,NO
2802,1246.053964,14.75802821,YES,YES
2803,1622.129358,4.233238885,YES,YES
2804,1616.764562,5.642344292,YES,YES
2806,1508.267905,7.990469793,YES,YES
2807,1372.964866,3.665330839,NO,YES
2808,819.2682229,6.538582046,YES,NO
2809,689.2160023,7.312866795,NO,NO
2811,1775.99081,14.82447344,NO,YES
2813,950.1846186,5.492889532,NO,NO
2814,1222.021752,9.89933606,YES,YES
2816,1124.763079,13.05208009,YES,NO
2817,923.9696103,7.123606401,YES,NO
2818,1234.993711,4.815029594,YES,YES
2819,1513.993765,7.016021247,YES,YES
2820,1091.72771,1.543963219,NO,NO
2822,1254.671162,11.20203255,NO,YES
2824,787.1253897,1.141210128,YES,NO
2825,1121.72781,12.92905675,YES,NO
2829,1569.919531,3.021735067,NO,YES
2830,675.6897429,2.299366273,NO,NO
2831,1365.097538,3.361804707,NO,YES
2832,1005.23563,2.454772679,YES,NO
2833,1288.766492,2.297951239,NO,YES
2834,1209.543843,6.831879436,NO,YES
2835,1086.892678,10.38307128,NO,NO
2837,1232.84735,6.081069753,NO,YES
2838,1258.191296,2.608118056,YES,YES
2839,1166.778751,6.66839713,YES,NO
2840,1189.794951,1.931201813,NO,NO
2842,1060.817875,1.349191321,NO,NO
2844,735.096338,14.82893469,NO,NO
2845,867.4867841,6.74732801,NO,NO
2847,1442.764274,2.985835209,YES,YES
2848,1084.938879,14.51300593,YES,NO
2849,1289.565047,8.357535651,NO,YES
2850,1163.434183,7.112480456,YES,NO
2851,889.3003832,11.17828857,YES,NO
2853,880.4730789,3.006613815,YES,NO
2854,1094.718982,2.499843478,YES,NO
2855,1044.987478,13.79836803,YES,NO
2856,1482.246725,1.164365349,YES,YES
2857,1076.015489,12.42404175,NO,YES
2858,1185.141784,14.63477235,NO,NO
2862,982.4019766,4.672114797,YES,NO
2863,1100.380495,9.337196406,YES,NO
2864,879.6578675,5.160901918,YES,NO
2865,829.6808126,9.153855453,YES,NO
2866,924.8973131,12.3352568,NO,NO
2867,1050.794166,3.98394594,YES,NO
2868,762.7485732,1.618553375,YES,NO
2870,1545.308901,1.884215274,NO,YES
2871,1105.434932,6.809226002,YES,NO
2872,1500.69802,6.394436463,YES,YES
2874,993.7164248,1.835313994,NO,NO
2876,1225.061676,9.934061233,NO,YES
2878,1301.585742,2.789127736,YES,YES
2879,845.5566215,11.1358043,NO,NO
2880,789.9471768,9.342988366,YES,NO
2881,1416.748331,8.615900819,YES,YES
2882,1113.431087,14.09717574,YES,NO
2883,998.8070367,11.80132446,YES,NO
2885,821.577505,6.926701763,YES,NO
2886,1144.215206,11.58048204,NO,NO
2888,1211.22116,11.7717886,YES,YES
2889,1694.033838,11.42735785,NO,YES
2890,1310.015843,6.79370475,NO,YES
2893,680.4661482,12.35109814,NO,NO
2894,1159.700548,10.07438425,YES,NO
2896,972.1974695,8.779748396,YES,NO
2900,1069.25703,11.46408647,YES,NO
2901,1242.834513,6.816908106,YES,YES
2903,1216.087102,13.66199093,YES,YES
2907,1390.235931,5.931008823,NO,YES
2910,944.0817274,2.063457935,NO,NO
2911,1368.890572,6.175148732,NO,YES
2912,984.9546374,4.133288516,NO,NO
2914,724.4087301,9.109551254,NO,NO
2915,1750.267238,11.24656683,NO,YES
2918,1465.117423,5.67070415,YES,YES
2919,1383.039454,4.853074419,NO,YES
2922,857.5876434,6.24242665,NO,NO
2923,500,5.349796591,YES,NO
2925,1427.31772,10.47871035,YES,YES
2926,1320.131249,4.488436567,YES,YES
2928,911.5020113,1.449544538,YES,NO
2930,1697.009575,3.288447806,YES,YES
2931,1416.409608,10.00838397,NO,YES
2932,1440.994008,5.530440162,YES,YES
2933,1037.362901,10.30549167,YES,NO
2935,1075.825086,9.933378413,NO,NO
2937,1168.573586,4.055927506,YES,NO
2940,1536.017587,5.029858426,NO,YES
2941,1540.270582,5.682389643,YES,YES
2942,1347.703682,9.945663462,YES,YES
2943,1073.940081,14.22638496,NO,YES
2945,915.613622,1.351624435,YES,NO
2946,1303.366177,10.88691289,YES,NO
2947,1308.593437,12.43965234,YES,NO
2949,1374.715572,13.10950751,NO,YES
2951,1085.401016,5.393449823,YES,NO
2953,1280.847442,5.289193477,YES,NO
2954,1470.708692,1.95466399,NO,YES
2955,1712.79602,6.480964068,YES,YES
2956,1025.061603,2.801458929,NO,NO
2957,2176.487688,3.44083794,NO,YES
2959,1168.689537,8.446264429,YES,NO
2960,885.3652756,3.378162005,NO,NO
2963,1076.451994,4.31161275,YES,NO
2965,1134.217427,1.982749267,YES,NO
2968,1563.318147,9.148894797,NO,YES
2969,1051.211295,4.635897705,NO,NO
2970,1252.911104,12.55762576,YES,YES
2971,1709.30286,2.862993227,NO,YES
2972,690.1219049,4.75780356,YES,NO
2973,1166.423509,9.201372682,NO,NO
2974,1273.152084,8.052767706,NO,YES
2977,1124.083973,7.667500408,NO,NO
2979,1141.281473,2.751317695,NO,NO
2980,866.6557231,12.49204403,YES,NO
2981,905.9026935,1.63329228,YES,NO
2983,871.1393885,10.226569,YES,NO
2985,780.4108712,5.307906857,YES,NO
2987,1560.492745,7.146989509,YES,YES
2988,1631.331635,3.667730923,YES,YES
2989,1015.533142,14.99548448,YES,NO
2990,1370.710546,10.55725033,NO,YES
2991,1599.907347,12.65925723,YES,YES
2993,577.0031639,9.254877396,YES,NO
2995,1084.497332,7.213306134,YES,NO
2996,768.2053562,14.79365283,YES,NO
2997,904.1458197,14.9320497,NO,NO